,text,label,word_count
633,honor twin sister new book got donated local library thanks donator animal book sister animal lover hoped vet someday im happy,0,21
367,wedding day love man forever,0,5
338,diagnosed bipolar setback today mark year hospitalfree,0,7
292,love little family much fun,0,5
72,hard explain sometimes feeling really bad feel like body slightly vibrating happens bad low really long time really inactive probably laying bed bc body aching bad anyone else experience alone,1,30
436,long time lately today sudden flipped felt like sharing everyone hope happens others going tough time cheer,0,17
598,fought depression throughout college put behind gave makeover tackling new confidence feel good,0,13
616,ex broke lost pound due eating eating control felt became obsessed losing weight ive gain lot back day ago tried vomiting ate feel like put body sense control left think beginning eating disorder thanks advice,1,35
512,know lot people say motivation people still thing still function degree barely leave house bother school bother sort study spend life bed front computer screen ever see changing finally manage kill tried many many thing year try help nothing shit exercise help medication help matter one try sleep help eating right something always done help meditation mindfulness shit make worse therapy place realise selfish extremely weak nothing help see reason trying anymore year hoped would improve,1,76
174,made wife carrot cake scratch birthday year ago sharing keekos,0,10
363,feeling here niece absolutely nailing first hulahoop attempt,0,8
177,especially texting fp bc hear tone voice see facial expressionsbody language constantly feel like annoying clingy,1,16
181,looking ptsd buddy lot trigger lately could use reassurance stranger pm help,1,12
81,asked online crush valentine said yes,0,6
118,beautiful rescue dog rain mac make feel happy hope make feel happy,0,12
320,looking ptsd buddy chat private motivate help heal inbox,1,9
361,agree get along view point term reference like use guy fill certain user constantly getting comment like agree goal fine whatever whether winning losing life life without sufferer ptsd one thing learn whether engage people love miserable dictate others people enough enough done moving discussion ambition,1,46
155,mental health place know illness even got anymore know generalized anxiety disorder major depressive disorder diagnosed psychiatrist referred psych ward month ago diagnosis bipolar psychotic symptom psychiatrist diagnosed psychosis said think bipolar also mentioned something subtype schizophrenia year old male help basically anxiety issue ever since also lot experience auditory hallucination young age went away eventually anxiety stayed began getting worse,1,61
69,get bad sit car shake slow drive weird sensation wonder one else get,1,13
10,thought would hit limit month ago tried kill compared time seemed like heaven live anymore always say get better give stronger bullshit strong strong would covered whole body self harm space le year would tried kill would failure psychologist psychiatrist med mum supportive still feel way weak weak useless horrible cutting incident last night carved failure thigh cut like mad thigh way hip cut least time planning something similar tonight scared know scared know deserve feel way,1,77
444,got incredibly sick slowly came term original plan life werent going pan since ive searching something last semester college im interning childrens art studio finally think im exactly im meant,0,30
63,since im kind scare work immensely though,1,7
340,mom dad entering year marriage toast opa although separated always made relationship work behalf stayed close friend mom untimely passing three year photo right taken cherished creation,0,27
54,example first time ever self harming remember mid even consider self harm time threw bike going speed incline ended scarring ankle knee hand elbow well spraining ankle anyone else self harmed way nobody ever really mention come self harm yet would technically considered self harm,1,45
530,girlfriend gaze company make happy met year ago,0,8
281,ignore speak feel intense need respond ignore real people come voice psychosis creates respond really irritates get look question seemingly talking thin air normal,1,24
554,human hearing loss thread made happy didnt understand happened lot people explained,0,12
268,hey redditors today mark completion two year self harming definitely get better time effort importantly self love drew marker celebrate day thank guy internet stranger best hope guy well,0,29
478,month scared getting boy haircut finally showed mom type picked one wanted least undercut hidden get shorter hair first therapy session scared abt excited see next week need get grade,0,30
31,ended going different school moved lost touchthis day email cell phone everyone lol anyway saw made insanely happy see friendly smile exchanged number email work number address everything never losing,0,30
204,hide arm scar range month year old scar pretty noticeable attention seeking hiding simply deal heat uncomfortable feeling wearing long sleeve everyone else comfortably wearing short sleeve getting people telling take jumper like back hid scar like plague scar ankle thigh shoulder hip well hide ankle scar shoulder thigh hip scar hidden easily clothes since male hide ankle fresher mark older hide one thigh extreme insane amount scar quite deep refuse let anyone get glimpse thigh scarring severe arm moderately scarred hide australia get extremely hot wearing long sleeve actually risking health hot attention seeking choosing give shit,1,98
55,feel horrible feel leg feel really angry anxious like bee hive chest already took med done anything,1,17
305,fucking despise people say rattle good sleep good exercise balanced diet need total bullshit went day recently couple mate felt like absolute shit entire time despite getting good hour sleep eating well getting lot fact got home cut night actually came quite close overdose next morning despite know people still babble trying hard enough exercise saviour despite severely depressed soccer tennis weekly also working referee couple year ago,1,68
409,happy reason like child happy reason youre trouble reason taken deepak chopra,0,12
546,hi ive depressed whole life last year really bad much even lost job last week anyway emailed doctor ask weening effexor ive since wont able get anymore want go psychiatrist psychological evaluation called referral today,1,35
208,suffer gad mdd taken baby girl sleeping time taken recent darkest time first time smiled long time always treasure picture,0,20
109,friend started record label,0,4
479,dont know happy ive ridiculously incredible life past year half happiness led ptsd coming cant let happy im supposed miserable im used get past life amazing great beautiful dont want die anymore dont know chill happy life scaring heck,1,39
209,beginning first major episode since starting med making realise much hate confusion paranoia memory loss dream trying control hallucination inability anything fucking hate hate hate much hate anything fucking despise,1,30
446,read disappointed acknowledged dsm similar ptsd even though read complex ptsd occurs year repeated trauma typically childhood much profound impact experiencing one traumatic event getting ptsd developed surrounded trauma cptsd even acknowledged va real disorder confused ever going acknowledged,1,39
494,diagnosed schizophrenia year much information there lot stigma arou people think faking dangerous want share experience people teach people curious schizophrenia,1,21
302,really need talk someone,1,4
110,boyfriend almost three year asked marry sunday im still shock getting excited day go crazy couple year im psyched get marry,0,21
76,kid love good fart joke unknowingly stumbled korean childrens song laugh best,0,12
236,know infamy drug case much anything started mg around week half ago bumped day ago still feeling much anything dream slightly vivid tired year old diagnosed paranoid schizophrenic weight kilo foot tall keep bumping good doctor start knocking hallucination still bad anyone experience tip,1,44
2,long distance boyfriend sent flower particular reason love know cliche make happy,0,12
487,started new class sophomore high school struggling depression anxiety quite bad year like group like ish close friend like part year especially make excuse lot feel like anything much hate school least forced socialize le isolated new quarter none class feel like could detrimental mental health push even worse depressed state isolate much sometimes feel like socializing know good going good,1,61
271,family one nature masterpiece,0,4
291,picture month ago wanted share much love little girl cookie morning woke actually half chest made cry thats much love little girl thanks listening,0,24
531,hi everyone trying get plan together take care mental illness live home mom dad obviously need part however understanding mental illness tried explain cure bipolar toughen tried educating disorder think mental illness research bunch liberal propaganda know deal supportive trying find therapy help disorder lot time think might necessary move,1,50
641,wish could shake laugh joke life voice anymore always happens right huge emotional outburst drag day afterwards like one outburst sucked life,1,22
90,put refill monday thursday im fucked getting zero sleep wont back monday help cope nightmare without med im scared call doctor wont fill,1,23
163,suicidal think dying lot think killing seriously smallest thing example today spilled something thought could end deal want something way anyone else like,1,23
321,absolutely nothing work depressed forever truly feel like impossible live happy satisfying life started losing hope started college much optimism going thought would best year life far lived expectation terribly lonely passionate major anything matter,1,35
30,ever since developing ptsd found list movie tv show watch get longer longer never horror anything anyways used watch fairly intense suspenseful show anymore least right,1,26
326,severe anxiety panic disorder make super aware throat feel gaggy anxiety flare also gerd past year relapsed really bad panic attack triggered agoraphobia time spent bed working therapy new year know head super aware throat time cause gag know anxiety gerd even incredibly frustrating last winter saw doctor gagging bad office could barely talk prescribed rabeprazole took month two stopped sure gagging back though today took one hoping something thinking anxiety head concentrating much frustrating hard eat scared eating gag ugh hopefully made sense,1,84
176,worst side effect medication treatment experianced,1,6
364,cousin sister gave birth little precious baby boy rn ima uncle wow kinda whelmed,0,14
44,year dropping college feeling like point life finally published first childrens book,0,12
101,cant intimate scared insecure ashamed guilty try leave cant feel way supposed feel much shame dont ever want sex scary love spouse ruining otherwise perfect marriage im emdr therapy god want aroused fucking bad able past first started dating ever since he provider cant stop scared dont know,1,48
78,girl enjoying snooze moment like make appreciate journey get,0,9
248,sure belongs bit rearranging knick knack decoration room day make happy,0,11
341,exciting day went livestock auction bought ewe lamb got home found extra bonus named phoebe mama baby fine,0,18
221,basically guy many scar arm going need shave face point wondering people refuse sell razor see scar,1,17
167,know real love like relationship family feel anymore know got anger issue many thing world many harsh comment look get people make angry everyone tired expected pressured fit everyone el mold without question tired expected get carry everyones baggage take care family clear interest taking care,1,46
296,circumstance family dog died couple day ago one parent cat agreed watch move cat hate cat sister apparently violently raped day ago dont know detail cant handle time since brought back situation mom started getting sister call leave voicemail telling messed im grandpa mom side advanced lewey body dementia dying know mom super sad,1,54
349,hard get day pretty sure parent think making excuse home try go day understand,1,14
284,post diagnosis amid flashback nightmare gaining much weight hard get workout want eat everything anyone tip managing want gain anymore weight,1,21
211,feel alone worthless cant,1,4
537,slept till pm laid know move anxiety start fuck,1,9
65,one allowed wear cap work special treatment,0,7
344,boyfriend together since parent didnt approve prohibited relationship thought depression stemmed since depressed parent believed affecting course kept touch saw pretty often behind parent back got diagnosed hypothyroidism got treatment depression faded away depression back starting already got checked thyroid everythings completely fine dont know im feeling low,1,48
49,depression gotten really bad past year much last week lost job couldnt concentrate couldnt remember thing ive never able stay organized made mistake got totally overwhelmed got behind got fired sigh also lost insurance im weening effexor ive cant get anymore suffice say thing gong well im awful position look job depression firing cylinder anything would want office work computer acheat nice coworkers im stupid evidenced last two failed attempt option stuff like factory work make miserable ive done constant overtime weird schedule macho coworkers hate much,1,87
642,here picture grass smiling brighten day,0,6
593,life happens react,0,3
39,ordered adorable little buildabear valentine day many year selfhatred finally learning love valentine day approach want remind everyone loved romantic partner feel love holiday hope valentine day prioritize self care show love love much wonderful day,0,36
443,like people experienced significant weight gain since starting seroquel month ago point considering changing med spoken couple doctor concern surrounding seem believe bad need gain weight anyway might well let happen thin frame natural thing putting weight make grow get belly look good mention unhealthy thin frame refuse give anything halt weight gain anything change mind least something stop weight gain matter much eat put weight went day without food still put weight imnot sure bad going get really need something help,1,82
158,recently watched black panther character scar every person kill got thinking self harm shown movie tv guy seemed ritualistic thing although batman villain cut every time kill someone reveals got rush gave couple main character first ahs season cut one main character orphan black cut back often seen insane character made realise self harm often seen dramatic extreme even insane behaviour,1,61
6,military son brings single father tear heartwarming homecoming surprise,0,9
256,ptsd attacked intruder home whenever upstairs home alone hear someone downstairs ive ran downstairs look multiple time one ever part flashback ptsd anyone else experience kind half flashback half reality,1,30
250,one two would choose contentness peaceful life time entire life happy lot moment joy lifetime,0,15
165,share news yet birthday sunday laying awake happy got amazing deal rn asleep next idea figure surprise ticket,0,18
227,ive told close friend family tend disassociate im really sure ive never told psychologist anyone certified diagnose also dont think ive traumatic event toxic romantic relationship long ago never got physical abuse really emotionally draining hurtful though,1,37
503,numetal rock alt punk emo grunge help suggestion love,0,9
310,anyone get mindset know feel better take shower get bed get fresh air call friend talk butyou ugh,1,18
145,people yell give little bit attitude make want cryit make wanna bang head wall something start feel bad,1,18
86,happy youre youll never work day life,0,7
611,ptsd valium withdrawal combo hurtin really bad anyone got love anything,1,11
264,dug arm quite bit psychosis got bit bad arm feel numb kind cold also quite hard use get seen sorry ask bit worried,1,23
599,hour labor got meet son today crazy start cant wait best husband father possible,0,14
108,went er chickened last minute told stomach pain im currently waiting test result come back know there nothing wrong physically im coward afraid admitted inpatient psych know family disappointed,1,29
551,warning way medical advice doctor informational purpose wanted drop write post hope help suffer ptsd developmental trauma tell worked past year treatment going break section symptom past med therapeutic modality social support supply title topic book helped,1,37
41,another one wedding day march,0,5
407,video guide minute light meditation help develop good concentration calm happy relaxed mind mind enable u overcome anxiety stress meditation howtomeditate guidedmeditation,0,22
576,first time genuinely happy awhile got first hole one disc golf,0,11
56,met year half ago college worked hour day month afford trip russia see engaged every trip planned bring home,0,19
257,yearold run big sister every day school hug,0,8
133,ptsd associated intruder attacking home therapist belief emotional regulatory issue boundary violated trouble setting proper boundary want emdr another therapist practice anyone experience treatment want anything feel normal reading im little terrified process trauma,1,34
580,hard day little guy kept smiling,0,6
506,ive adult whole life always survive feel little girl inside im angry shes still life good cant leave know cant im told love got feel resentment continues hold back,1,29
265,long story short rejected interview interview fresh uni got dumped bad breakup get bad dream every night football team well list go way almost year probably want post public medium fear ofwell idk posting know probably le face sorry writing like close friend think need help reddit always possible bounce back right day even get strength get bed talk anyone alcohol pot give company go like need positivity suggestion,1,69
24,year ago today one ball cell came fullyformed person hasnt stopped costing money since,0,14
231,cut month scar starting fade make want make new one scar fade like never really happened,1,16
132,lot bullying since kindergarten last year year young dealing bullying thought normal something always happening got really bad year told parent eventually realised could go year began stopped returned yet year got year began realising deal developed many extremely severe mental illness lot trauma experienced lead lot self hatred lack self worth used advantage called faggot fuckup fatass gorilla anorexic cutter emo would laugh fully agree even start giving idea insult give threw back lot physical side still issue,1,79
428,year old become licensed journeyman plumber state indiana,0,8
213,often feel like part life confusing often get distorted sense time think pm midnight example often find sense reality odd struggle know whether anything real everything seems blend together one big slab time like watching happen somewhere else watching time speed eye also tend confused thought speaking suddenly forget saying even topic conversation talking randomly say stuff make sense know,1,60
82,kinda mood tell story feel free put first cutting deep incident comment first time june last year cutting lot time although even find issue something cutting shoulder lot time got home school went room grabbed blade got work blade shaving razor taken apart sharpest blade razor know time put blade shoulder cut immediately panicked cut gaping open could see bit weird yellow bubbly stuff later learnt fat cut bleeding ton trying stop bleeding million tissue knew needed stitch tell anyone done half hour mum came room remind tutoring lesson leave freaked fuck shoulder still gaping open although bleeding slowed,1,99
477,snowing big deal world live deeeeep south get snow big deal love made happy wake,0,15
192,goddamn doesnt help much literally hate going office sitting using tapper visiting trauma hate shaking hate nightmare induced wow already much started month ago thing healing dont know explain proud feel loving spouse loving stranger loving,1,36
77,hey guy post often suffer adhd depression anxiety long story short diagnosed around october although diagnosed long ago first thing went adhd took long go sophomore high school mainly although could pay attention smart enough well make sense main reason actually work anxiety especially parent teacher got older starting around middle school material getting harder pay attention well normally hit lowest low high school particularly year,1,66
518,tonight bought baby froggy name beepy really cheered engineering school tough little thing like make feel much better put tank two frog bappy bippy started singing,0,26
70,enough fucked function gotta change school going school ever currently motivation anything lie bed day wasting away covered body self harm cut burn scar attempted suicide feel emotionally unstable time one minute extremely depressed get extremely angry smallest thing go manic without warning thatll keep happening huge disappointment parent still together happy mum try support much dad really understand work help much live house food might money could ever want enough get,1,72
552,im canada thanksgiving would give anything bed right im make family happy im going dinner hour away home appetite said anxiety im feeling nerve fuck,1,25
218,ive gained alot weight kid picture look awful feel pretty confident always remember matter look feel beautiful woman world,0,19
515,hurricane outside window worry anything city housewalls strong infrastructure working appreciate feeling safety right,0,14
131,want die brave enough suicidal suddenly got shot diagnosed terminal illness say would mad right depressed time low family disowned daughter acknowledge exist friend even find job hope hollow love lie,1,31
60,depression always involved lot self blame guilt self hatred well anger emptiness would always take first throwing bike riding hill cutting eventually stemmed burning scratching punching wall recently getting extreme anger towards people hurt past especially old school lot bad event happened urge sneak one day school live currently start smashing window breaking computer destroying anything find shithole,1,58
528,want much seem get motivated towards anything like completely given without actually dying want love want happy healthy want good job want good group friend know deep heart going happen know know fix know get better know go,1,38
329,saw new psychiatrist today go new treatment plan ptsd prescribed typical antidepressant klonopin also prescribed prazosin mg understanding initially blood pressure drug also used help get rid nightmare ptsd patient help sleep,1,32
332,work want around anyone want talk force laugh make smiley like used today hid away office majority day even brought work could sit listen music break needed need cry need breakdown need self harm impossible live home mother idea privacy,1,40
404,boyfriend depression want good partner talk much want hear guy appreciate partner come handling depression,1,15
615,cbd oil medical marijuana traditional psychiatrist prescribed medicine method medication work best,1,12
148,lately lost lot weight eating like get hungry feel like eating wait hunger pain go away really see problem people started pointing never see eating starting look unhealthily thin even tho really tell look thin weighing daily normal weight used lb around weight pretty consistently past year lately gone lb personally able see difference people pointing want keep losing weight want see number scale get lower anorexia past mom getting worried asking eat starting look unhealthy sure want anorexic recovery processis hell time afraid gaining weight,1,86
421,ive mentioned couple time lately depression ruining part life including job performance ive got meeting morning boss poor performance think ill fired anyone similar experience handle would begin explain bos toll depression take performance meeting tomorrow morning im desperate talk people similar experience thank much,1,45
370,alexa ask valentine sing love song,0,6
486,dont remember set day showed phone calendar reminder named kill dec th th birthday feel like kind ultimatum probably make thing better honestly seeing pop phone made feel really nothing better feel better thing mostly due sheer ignorance neglect make thing worse circumstance theyve always perspective changed good bad looking thing objectively make want hurt punishment least ignorance prevents suicide,1,60
215,try hardest act like everything good lonely miserable get angry lonely miserable died today know deep would forgotten within month word know still hurt know invaluable everyone try hard fit make new friend much unlikable know depression talking seen people eye body signal want live unemployment depression sadness anger around clock life worth living even see death escape escape going shell matter,1,62
609,issue negative automatic thought take get away get trapped believe truth like possessed exorciststyle example deserve good thing deserve criticized valuable skill etc,1,23
135,much love know hard pretend okay family alone suffering arent alone bigger picture strong get thru next day,1,18
331,starter suicidal life meaning constantly thinking ahead life life really made question faith well helping think religious really help depression need find meaning life think could handle job relate comedy find joy life man place,1,35
29,cat laying computer chair room bed cry upset wake meow couple time jumped bed currently laying leg,1,17
275,first dropped week every week without letting know beforehand deal shes cancelling appointment leaving week without therapy causing large gap mental health treatment feel like cant get better way depression getting bad frustrating look forward relief therapy appointment cancelled,1,39
577,military mom surprise daughter school interview literally made cry,0,9
644,sometimes feel like happened bad enough ptsd sometimes feel like straw broke camel back think happened caused ptsd already good mental health place please seek help place little need help,1,30
290,update long lost brother past summer enjoying great sunny day lake,0,11
549,lb first time adult life finally got pack ive always wanted,0,11
604,horrible pattern insomnia week cant get psychiatrist take emergency extended leave dont doctor moment prescription klonopin mgdaily ran im pretty sure went withdrawal spent last day feeling dead,1,28
447,girlfriend together almost month honestly life make everything time easier even shes annoying outta cant help love girl piece im going marry know think sure shes girl want spend rest life personally make happy,0,34
558,first time ever feel free around every song reminds stopped smiling two day appetite back apartment clean heart finally feel open also safe long make heart flutter,0,27
289,happy able donate double red blood today big game,0,9
318,personally brother sure knew depression anxiety psychosis bipolar anything probably thought cat really hated recently went hospital three week parent probably told parent horrible telling people issue fairly absent minded generally get easily distracted would surprised know self harm got scar idea think happened,1,44
516,part maed program get work local school district student shown bright next generation people reaffirmed made right career move plus love tattoo,0,22
621,month antidepressant pit thought unconquerable motivated exercising eating well making plan happy,0,12
605,year neglect due poor mental health way getting teeth sorted could happier,0,12
375,diagnosed ptsd week ago hate happened milder people go dealt long term sexual abuse physical abuse abandonment neglect death illness none feel major enough feel like using excuse worthless waste space deserves death,1,33
582,got haircut wanted could higher like,0,6
399,since started hearing voice regularly whenever actual people speak lot time either hear pay attention weird sound going constantly blend everything make sense really starting interfere daily life anyone else experienced,1,31
417,curious anyone felt relate long story short lost job start year poor performance disorganized etc second row finally went behavioral health place town diagnosed major depressive generalized anxiety adhd great ever since fired ive felt completely paralyzed go college skill nothing ive worked two kind job factory office could never keep office job see factory make miserable nothing kind work overtime overnights danger everything reason made sad couldnt stand,1,69
357,ive locked severe deep depression year started taking antidepressant week ago here photo journey havent laughed smiled last year much last week im happy alive smile today,0,27
104,talking one friend week mentioned girl year school covered self harm scar wrist forearm upper arm thigh leg ankle stomach completely covered got thinking every school statistically least one kid covered self harm realised kid completely covered scar ankle scarred pretty badly arm probably people look covered cut scar burn even hide anymore hot talking like physically cannot wear long sleeve without passing kid people stare walking class might whisper friend arm teacher see arm assume another emo even anything class depressed energy work must look like massive poser always lookout others scar like mine nobody,1,96
114,lately depression lifted bit tonight im bad night suicidal thought come back feel like month ago im sure ill ever healed,1,21
299,know going kill matter time know need get girlfriend away hopefully never even hear need write note help family move know able prevent grief entirely help mitigate anything else thought advice task even break relationship live together even die need something see much hurt partner depressed time,1,47
220,cptsd stemmed long standing extremely harsh physical sexual emotional abuse hand dad nightmare related trauma get therapy whatnot nightmare control,1,20
7,yesterday sunrise isnt beautiful love sun rise,0,7
247,finding frequently fantasizing brutally torchering people death specific mean torture ripping nose channel lock stomping face repeatedely cutting tendon even fight back imagine beating point begging killed would thing loved one also experience psychological torment seeing loved one tortured death would stare eye kill blood scream pleading geninuinely brings heart happiness living shit beaten kid,1,55
468,diagnosed panic related agoraphobia decade ago bad past year experienced worst panic attack life spiraled health anxiety trip er panic attack self harm relapse ect family stress added top left house almost month pharmacy anxious derealization whole time wanted get back home fear anxious public handle anyone else,1,48
334,feel empty dont appetite dont want get bed dont want breathe dont energy anything,1,14
553,probably really stupid thought came minute ago sitting couch back room burnt calf lighter dog lying bed watching looked looked kind confused want suddenly thinking fire okay safe saw cooking leg animal tell somethings wrong see someone,1,37
327,people usually like right think would reassuring someone loved much especially fp even know fp truly think since open feeling,1,20
319,really know else say already depression anxiety fucking ptsd nutritionist diagnosed anorexia feel like fucking mess right like point feel ridiculous many issue misdiagnosed one im questioning anorexia diagnosis feel weird confused,1,32
298,okay teenager aspergers depression social anxiety mother far tell everything supposed cringe every time touch find emotional attachment love dad brother know wrong,1,23
140,diagnosed borderline personality disorder well ptsd saw trauma specialist today second time said might even borderline could really bad ptsd little confused diagnosis supposed,1,24
212,got marriage license day marry person,0,6
43,make friend asshole birthday day pleease heelp mee want give gift btw,1,12
42,brother fianc announced expecting excited,0,5
73,month family drama two aunt came visit fiance take dress shopping wanted make sure negativity still wonderful wedding process caught moment brunch lucky loved,0,24
360,happy sunday morning experience storm uk full swing morning got dreaded sunday feeling slight hangover looked window saw rain coming sideways battering road distance saw couple dressed head toe waterproof looking pretty miserable foot saw black labrador best day ever wetter better guy trundling road looking though highlight life much story doggo really made smile thought id share,0,58
617,ive got birthday party tonight closest friend dont get see lot different school grade getting something look forward x,0,19
66,promised ugfypxdez picture three frog bippy bappy beepy got beepy last night two frog already welcoming family,0,17
11,force anxiety want admit like thought also ocd thought without anxiety mean ocd thought actually thought,1,16
416,thank making happy allowing experience happiness,0,6
523,took today school depression much deal yesterday cut time different time day school last year parent forced take week school made suicide attempt actually helped pull act together halfway school went clean self harm month half course eventually relapsed get caught back addiction daily cutting burning supposed go mental hospital last week waiting list least week wait th march get one,1,61
620,literally hardly get school morning end staying home often actually get alright although still depressed course usually make day anyone else like getting hardest part,1,25
199,suffering intrusive thought suicide last night laying bed decided go kitchen smoke ciggarete relatively fine sleepy smoking suddently looked place keeping knife imagined getting knife got intense strike stomach like urge felt real tried calm self thought life meaningless somekind weird future feeling came strike stomach became intense immediately went room,1,51
425,couldnt excited im second year final semester master program today comprehensive exam dictate receive degree killed test today walking april im first gen got degree full ride,0,27
369,im happy body love matter look,0,6
433,cut eight month find wanting look sad picture make cry really close want know anymore parent extremely mad friend yell help edit push pin count cutting broke streak,1,28
533,ex emotionally abused last year caused development ptsd depression couldnt stand living mom house anymore moved dad neighbor ended sexually assaulting told someone got called liar feminist trying ruin someone life lived month attempted suicide multiple time requiring multiple hospitalization dad ex sister make fun condition call attention seeker moved back mom think ending life ive stop going school work couldnt function human life going nowhere used happy,1,68
83,depression barely even radar knew existed think common would ever deal even know thought depression might thought oh sad lot know wrong,1,22
532,new medication wellbutrin moving sleep lot kicked leg covered bug punched partner actually punching step dad last night dreamed ex came home day excited see ran tried give hug stopped asked could hug said want continued walking,1,37
311,daily routine lately worked wonder also repeating mantra severe anxiety dont worry ifs thing arent problem theyre problem anxiety might done wrong might wrong actual problem exist yet become problem youll handle solve okay youre good youre capable whatever life throw,0,41
398,money make world go round,0,5
79,op help kid create ig account,0,6
23,im completely done really take anymore im going let depression anxiety consume completely im going kill im done trying,1,19
374,want prettiest girl boyfriend ever want favorite sibling want best job want funniest friend guess bc criticism bother much never feel good enough deep exhausting know never perfect feel pressure time good others eye need praise feel good,1,38
335,ive started trying write thing necessarily journal writing little idea various notebook ive come realize ptsd full steam handwriting different im known familyfriend group great penmanship handwriting doesnt even look close ill write thought rip notebook since doesnt look like wrote,1,41
405,attacked intruder several month ago finally got nerve see therapist diagnosed mildmoderate ptsd therapist warned feeling could come talking well know part therapy hard,1,24
235,week ago train guy got hour ride three hour girlfriend sat quite loud looked second instinctively shouted ignored went back music next half hour however heard muttering girlfriend sitting maybe seat front could hear well got would assume use toilet walked past glaring even leered quite afraid would getting stop sure held onto bag securely started going scenario head could happen wanted everything like,1,64
627,posted recently choked student work work student autism thought might developed ptsd well monday officially diagnosed tuesday night anxiety got bad go emergency room become incredibly overwhelming situation insurance stuff many different health care provider involved worker comp people suggesting get attorney family nearby almost money know much get paid month missed much work even know going able afford get doctor therapy appointment drive due medical condition pretty much take lyftuber appointment let alone pay rent buy food,1,78
304,jealous dog better skating look happy,0,6
312,parent split anyway really stressed band sport school hard mom also obvious favorite hate today finally told dad feel response first time ever told proud comment,0,26
137,friend stayed crafting night cartoon make happy drew shirt think turned pretty good,0,13
603,family decided postpone thanksgiving year could eat together family told parent would like could kick back relax agreed skip forward today wake start cooking foodonly find food already cooked parent immediately frustrated felt bit betrayed know stuff yet seemingly trust held tongue started making pumpkin pie yet minute baking time crust burn lost know know literally crust could stand,1,59
234,since posted mental health thing surface going incredibly well losing weight driving lesson going well could working due time yet due respect feel like fucking wreck feel like good enough sure dropped considerable amount weight still feel like crap feel great feel small fell mediocre wanted go community college could find major could find anything made feel worth studying feel like shit plan someday rent property south border town wanted much violence stemming meth addict fucking parent bothering idiot brother sure improving slow getting thing done yet parent want job help raise son,1,93
